participant_id,group,age,gender,country_region,native_language,education_level,short_video_frequency,platforms,usual_session_length,usual_video_types,used_short_videos_for_learning,learning_short_video_frequency,educational_video_usefulness,topic_preference_1,topic_preference_2,topic_preference_3,english_comfort_level
P-20260711T030347Z-C30B56,B,23_27,female,china,mandarin_chinese,undergraduate_student,multiple_times_a_day,other,30_60_min,"entertainment, cooking, life_hacks, gaming",yes,sometimes,5,history,language_learning,science,very_comfortable
<<<<<<< HEAD
P-20260716T122815Z-7638DE,B,18_22,female,japan,japanese,high_school,multiple_times_a_day,youtube_shorts,10_30_min,"entertainment, science, language_learning, cooking, gaming",yes,rarely,2,language_learning,science,history,not_comfortable_at_all
P-20260714T143638Z-2D1695,A,18_22,male,taiwan,mandarin_chinese,undergraduate_student,about_once_a_day,"youtube_shorts, instagram_reels",more_than_2_hours,gaming,yes,rarely,2,science,history,language_learning,not_comfortable_at_all
P-20260712T092333Z-618D74,A,23_27,male,taiwan,mandarin_chinese,graduate_master,multiple_times_a_day,"tiktok, instagram_reels, facebook_reels",more_than_2_hours,"educational, entertainment, science, language_learning, cooking, travel, gaming, news_current_events, other",yes,very_often,5,language_learning,history,science,very_comfortable
P-20260709T074312Z-5E8136,A,18_22,male,indonesia,indonesian,undergraduate_student,multiple_times_a_day,"youtube_shorts, instagram_reels",1_2_hours,"educational, entertainment, science, language_learning, cooking, travel, life_hacks, gaming, comedy, news_current_events",yes,rarely,4,science,history,language_learning,very_comfortable
P-20260709T052634Z-F27519,B,23_27,male,other,other,undergraduate_student,multiple_times_a_day,"youtube_shorts, instagram_reels",more_than_2_hours,"entertainment, travel, gaming",no,never,2,history,science,language_learning,very_comfortable
P-20260713T060416Z-43E4E9,A,23_27,female,taiwan,mandarin_chinese,graduate_master,multiple_times_a_day,"tiktok, instagram_reels",less_than_10_min,"entertainment, cooking, gaming",no,rarely,4,language_learning,science,history,comfortable
P-20260714T085151Z-3B02E3,B,28_34,male,taiwan,mandarin_chinese,undergraduate_student,multiple_times_a_day,"tiktok, youtube_shorts, instagram_reels",30_60_min,"entertainment, cooking, travel, comedy",no,rarely,3,history,science,language_learning,not_comfortable_at_all
P-20260709T080130Z-F2AA8F,B,23_27,male,south_korea,korean,graduate_master,multiple_times_a_day,"youtube_shorts, instagram_reels",1_2_hours,"entertainment, language_learning, cooking, life_hacks, gaming, comedy, news_current_events",no,never,2,language_learning,history,science,very_comfortable
P-20260715T063119Z-DCEE90,A,23_27,male,taiwan,mandarin_chinese,graduate_master,multiple_times_a_day,youtube_shorts,30_60_min,"entertainment, comedy",no,rarely,2,science,history,language_learning,moderately_comfortable
P-20260714T140411Z-3327B0,B,23_27,male,taiwan,mandarin_chinese,undergraduate_student,multiple_times_a_day,"youtube_shorts, instagram_reels, facebook_reels",10_30_min,"science, language_learning, travel, comedy",yes,sometimes,4,history,science,language_learning,moderately_comfortable
P-20260717T154455Z-AB0525,A,23_27,female,taiwan,mandarin_chinese,graduate_master,multiple_times_a_day,instagram_reels,10_30_min,"entertainment, travel",yes,rarely,3,language_learning,science,history,moderately_comfortable
P-20260716T122354Z-9A280E,B,18_22,female,taiwan,mandarin_chinese,undergraduate_student,multiple_times_a_day,"instagram_reels, other",more_than_2_hours,"entertainment, cooking, travel, life_hacks, comedy",yes,sometimes,4,science,language_learning,history,slightly_comfortable
P-20260714T085743Z-0ACA15,B,23_27,male,taiwan,mandarin_chinese,undergraduate_student,multiple_times_a_day,"youtube_shorts, instagram_reels",10_30_min,"educational, language_learning, travel, life_hacks, news_current_events",yes,often,3,language_learning,science,history,moderately_comfortable
P-20260711T074730Z-D339A3,B,18_22,female,japan,japanese,undergraduate_student,multiple_times_a_day,"tiktok, youtube_shorts, instagram_reels",1_2_hours,"educational, entertainment, science, language_learning, cooking, travel, gaming, comedy, news_current_events",yes,sometimes,4,language_learning,science,history,moderately_comfortable
P-20260716T123043Z-200A99,B,18_22,female,taiwan,mandarin_chinese,high_school,about_once_a_day,instagram_reels,10_30_min,"entertainment, cooking, travel, life_hacks, gaming",yes,rarely,2,science,history,language_learning,slightly_comfortable
P-20260710T060100Z-36E24D,A,23_27,female,taiwan,mandarin_chinese,undergraduate_student,multiple_times_a_day,"tiktok, instagram_reels",30_60_min,entertainment,yes,sometimes,4,language_learning,science,history,comfortable
P-20260714T140647Z-77077A,B,18_22,male,china,mandarin_chinese,undergraduate_student,never,do_not_watch,do_not_watch,"educational, entertainment, science, gaming",no,never,3,science,history,language_learning,moderately_comfortable
P-20260715T142433Z-FA7887,B,23_27,female,taiwan,mandarin_chinese,graduate_master,multiple_times_a_day,"youtube_shorts, instagram_reels",more_than_2_hours,"entertainment, science, cooking, travel",yes,sometimes,4,science,language_learning,history,slightly_comfortable
P-20260713T104611Z-B42563,A,18_22,female,taiwan,mandarin_chinese,undergraduate_student,multiple_times_a_day,instagram_reels,more_than_2_hours,other,yes,sometimes,5,language_learning,history,science,not_comfortable_at_all
P-20260716T123327Z-266431,A,18_22,female,taiwan,mandarin_chinese,undergraduate_student,several_times_a_week,instagram_reels,10_30_min,entertainment,no,sometimes,2,language_learning,history,science,moderately_comfortable
P-20260714T003726Z-4E4943,A,23_27,female,taiwan,mandarin_chinese,undergraduate_student,multiple_times_a_day,instagram_reels,1_2_hours,"entertainment, cooking, comedy",yes,rarely,4,language_learning,science,history,moderately_comfortable
P-20260715T100231Z-81A96C,B,23_27,female,taiwan,mandarin_chinese,graduate_master,several_times_a_week,"youtube_shorts, instagram_reels",10_30_min,"educational, entertainment, science, travel, news_current_events",yes,sometimes,5,science,history,language_learning,moderately_comfortable
P-20260710T094515Z-34FF30,A,18_22,male,indonesia,indonesian,undergraduate_student,multiple_times_a_day,"youtube_shorts, instagram_reels",10_30_min,"educational, entertainment, science, cooking, gaming, comedy, news_current_events",no,never,3,science,history,language_learning,very_comfortable
P-20260713T095111Z-25CA21,B,23_27,female,taiwan,mandarin_chinese,undergraduate_student,about_once_a_day,instagram_reels,1_2_hours,"entertainment, cooking, travel",yes,sometimes,5,language_learning,history,science,comfortable
P-20260709T084146Z-D81B07,A,23_27,female,other,other,undergraduate_student,multiple_times_a_day,"instagram_reels, facebook_reels",30_60_min,"educational, entertainment, language_learning, cooking, travel, gaming",yes,sometimes,4,science,language_learning,history,very_comfortable
P-20260714T085025Z-3A6AEC,A,23_27,male,taiwan,mandarin_chinese,undergraduate_student,about_once_a_day,"youtube_shorts, instagram_reels",less_than_10_min,"entertainment, cooking, gaming, comedy",yes,rarely,3,language_learning,science,history,moderately_comfortable
P-20260714T120946Z-E24C5C,A,23_27,female,taiwan,mandarin_chinese,undergraduate_student,about_once_a_day,instagram_reels,30_60_min,"entertainment, cooking, life_hacks, comedy, other",yes,sometimes,4,science,history,language_learning,moderately_comfortable
P-20260713T043731Z-3CD018,B,23_27,female,japan,other,undergraduate_student,multiple_times_a_day,"youtube_shorts, instagram_reels, facebook_reels",30_60_min,"educational, entertainment, science, language_learning, cooking, travel, life_hacks, comedy",yes,often,4,history,language_learning,science,comfortable
P-20260715T070351Z-253FCE,B,23_27,male,taiwan,mandarin_chinese,undergraduate_student,multiple_times_a_day,"tiktok, youtube_shorts, instagram_reels",more_than_2_hours,"educational, entertainment, science, language_learning, cooking, travel, life_hacks, gaming, comedy",yes,often,4,science,language_learning,history,moderately_comfortable
P-20260714T085740Z-3A1FCA,A,18_22,female,prefer_not_to_say,prefer_not_to_say,prefer_not_to_say,about_once_a_day,"tiktok, instagram_reels",30_60_min,"educational, entertainment, language_learning, cooking, travel, life_hacks, gaming",not_sure,rarely,3,language_learning,history,science,slightly_comfortable
=======
P-20260712T092333Z-618D74,A,23_27,male,taiwan,mandarin_chinese,graduate_master,multiple_times_a_day,"tiktok, instagram_reels, facebook_reels",more_than_2_hours,"educational, entertainment, science, language_learning, cooking, travel, gaming, news_current_events, other",yes,very_often,5,language_learning,history,science,very_comfortable
P-20260709T074312Z-5E8136,A,18_22,male,indonesia,indonesian,undergraduate_student,multiple_times_a_day,"youtube_shorts, instagram_reels",1_2_hours,"educational, entertainment, science, language_learning, cooking, travel, life_hacks, gaming, comedy, news_current_events",yes,rarely,4,science,history,language_learning,very_comfortable
P-20260709T052634Z-F27519,B,23_27,male,other,other,undergraduate_student,multiple_times_a_day,"youtube_shorts, instagram_reels",more_than_2_hours,"entertainment, travel, gaming",no,never,2,history,science,language_learning,very_comfortable
P-20260709T080130Z-F2AA8F,B,23_27,male,south_korea,korean,graduate_master,multiple_times_a_day,"youtube_shorts, instagram_reels",1_2_hours,"entertainment, language_learning, cooking, life_hacks, gaming, comedy, news_current_events",no,never,2,language_learning,history,science,very_comfortable
P-20260711T074730Z-D339A3,B,18_22,female,japan,japanese,undergraduate_student,multiple_times_a_day,"tiktok, youtube_shorts, instagram_reels",1_2_hours,"educational, entertainment, science, language_learning, cooking, travel, gaming, comedy, news_current_events",yes,sometimes,4,language_learning,science,history,moderately_comfortable
P-20260710T060100Z-36E24D,A,23_27,female,taiwan,mandarin_chinese,undergraduate_student,multiple_times_a_day,"tiktok, instagram_reels",30_60_min,entertainment,yes,sometimes,4,language_learning,science,history,comfortable
P-20260710T094515Z-34FF30,A,18_22,male,indonesia,indonesian,undergraduate_student,multiple_times_a_day,"youtube_shorts, instagram_reels",10_30_min,"educational, entertainment, science, cooking, gaming, comedy, news_current_events",no,never,3,science,history,language_learning,very_comfortable
P-20260709T084146Z-D81B07,A,23_27,female,other,other,undergraduate_student,multiple_times_a_day,"instagram_reels, facebook_reels",30_60_min,"educational, entertainment, language_learning, cooking, travel, gaming",yes,sometimes,4,science,language_learning,history,very_comfortable
>>>>>>> d56e569c4a669725310a75953b8ab20f535e609f
